,Episode,Epsilon Value,gamma,alpha,epsilon,epsilon_min,epsilon_decay,batch_size,C,Memory Size,Rewards,Wall Time
0,0.0,0.997,0.99,0.0001,0.997,0.1,0.003,500.0,500.0,10000.0,1.0,-0.8986251354217529
1,1.0,0.994,0.99,0.0001,0.994,0.1,0.003,500.0,500.0,10000.0,4.0,-2.2527177333831787
2,2.0,0.991,0.99,0.0001,0.991,0.1,0.003,500.0,500.0,10000.0,5.0,-483.17558193206787
3,3.0,0.988,0.99,0.0001,0.988,0.1,0.003,500.0,500.0,10000.0,2.0,-732.4470565319061
4,4.0,0.985,0.99,0.0001,0.985,0.1,0.003,500.0,500.0,10000.0,1.0,-935.1532909870148
5,5.0,0.982,0.99,0.0001,0.982,0.1,0.003,500.0,500.0,10000.0,1.0,-1122.9302084445953
6,6.0,0.979,0.99,0.0001,0.979,0.1,0.003,500.0,500.0,10000.0,2.0,-1353.6342391967773
7,7.0,0.976,0.99,0.0001,0.976,0.1,0.003,500.0,500.0,10000.0,2.0,-1589.7996196746826
8,8.0,0.973,0.99,0.0001,0.973,0.1,0.003,500.0,500.0,10000.0,0.0,-1742.6434729099274
9,9.0,0.97,0.99,0.0001,0.97,0.1,0.003,500.0,500.0,10000.0,0.0,-1897.5474607944489
10,10.0,0.967,0.99,0.0001,0.967,0.1,0.003,500.0,500.0,10000.0,2.0,-2146.9214963912964
11,11.0,0.964,0.99,0.0001,0.964,0.1,0.003,500.0,500.0,10000.0,2.0,-2405.088397026062
12,12.0,0.961,0.99,0.0001,0.961,0.1,0.003,500.0,500.0,10000.0,3.0,-2681.958634376526
13,13.0,0.958,0.99,0.0001,0.958,0.1,0.003,500.0,500.0,10000.0,2.0,-2950.126489639282
14,14.0,0.955,0.99,0.0001,0.955,0.1,0.003,500.0,500.0,10000.0,1.0,-3147.9539563655853
15,15.0,0.952,0.99,0.0001,0.952,0.1,0.003,500.0,500.0,10000.0,2.0,-3387.4815199375153
16,16.0,0.949,0.99,0.0001,0.949,0.1,0.003,500.0,500.0,10000.0,2.0,-3622.922028064728
17,17.0,0.946,0.99,0.0001,0.946,0.1,0.003,500.0,500.0,10000.0,2.0,-3852.0760838985443
18,18.0,0.943,0.99,0.0001,0.943,0.1,0.003,500.0,500.0,10000.0,1.0,-4040.51282787323
19,19.0,0.94,0.99,0.0001,0.94,0.1,0.003,500.0,500.0,10000.0,3.0,-4328.297679185867
20,20.0,0.9369999999999999,0.99,0.0001,0.9369999999999999,0.1,0.003,500.0,500.0,10000.0,2.0,-4544.933247089386
21,21.0,0.9339999999999999,0.99,0.0001,0.9339999999999999,0.1,0.003,500.0,500.0,10000.0,2.0,-4813.390894412994
22,22.0,0.9309999999999999,0.99,0.0001,0.9309999999999999,0.1,0.003,500.0,500.0,10000.0,2.0,-5052.574289560318
23,23.0,0.9279999999999999,0.99,0.0001,0.9279999999999999,0.1,0.003,500.0,500.0,10000.0,2.0,-5280.099278450012
24,24.0,0.9249999999999999,0.99,0.0001,0.9249999999999999,0.1,0.003,500.0,500.0,10000.0,0.0,-5429.3379509449005
25,25.0,0.9219999999999999,0.99,0.0001,0.9219999999999999,0.1,0.003,500.0,500.0,10000.0,1.0,-5625.108389854431
26,26.0,0.9189999999999999,0.99,0.0001,0.9189999999999999,0.1,0.003,500.0,500.0,10000.0,3.0,-5884.920615673065
27,27.0,0.9159999999999999,0.99,0.0001,0.9159999999999999,0.1,0.003,500.0,500.0,10000.0,3.0,-6198.4988379478455
28,28.0,0.9129999999999999,0.99,0.0001,0.9129999999999999,0.1,0.003,500.0,500.0,10000.0,2.0,-6422.019163131714
29,29.0,0.9099999999999999,0.99,0.0001,0.9099999999999999,0.1,0.003,500.0,500.0,10000.0,1.0,-6605.439667701721
30,30.0,0.9069999999999999,0.99,0.0001,0.9069999999999999,0.1,0.003,500.0,500.0,10000.0,1.0,-6810.582412242889
31,31.0,0.9039999999999999,0.99,0.0001,0.9039999999999999,0.1,0.003,500.0,500.0,10000.0,0.0,-6957.613690376282
32,32.0,0.9009999999999999,0.99,0.0001,0.9009999999999999,0.1,0.003,500.0,500.0,10000.0,2.0,-7191.171429395676
33,33.0,0.8979999999999999,0.99,0.0001,0.8979999999999999,0.1,0.003,500.0,500.0,10000.0,0.0,-7358.619196176529
34,34.0,0.8949999999999999,0.99,0.0001,0.8949999999999999,0.1,0.003,500.0,500.0,10000.0,4.0,-7701.3437559604645
35,35.0,0.8919999999999999,0.99,0.0001,0.8919999999999999,0.1,0.003,500.0,500.0,10000.0,3.0,-7968.1562485694885
36,36.0,0.8889999999999999,0.99,0.0001,0.8889999999999999,0.1,0.003,500.0,500.0,10000.0,3.0,-8285.336330890656
37,37.0,0.8859999999999999,0.99,0.0001,0.8859999999999999,0.1,0.003,500.0,500.0,10000.0,2.0,-8521.243189573288
38,38.0,0.8829999999999999,0.99,0.0001,0.8829999999999999,0.1,0.003,500.0,500.0,10000.0,0.0,-8687.408955574036
39,39.0,0.8799999999999999,0.99,0.0001,0.8799999999999999,0.1,0.003,500.0,500.0,10000.0,2.0,-8922.728484630585
40,40.0,0.8769999999999999,0.99,0.0001,0.8769999999999999,0.1,0.003,500.0,500.0,10000.0,1.0,-9096.82151722908
41,41.0,0.8739999999999999,0.99,0.0001,0.8739999999999999,0.1,0.003,500.0,500.0,10000.0,0.0,-9263.901582717896
42,42.0,0.8709999999999999,0.99,0.0001,0.8709999999999999,0.1,0.003,500.0,500.0,10000.0,1.0,-9484.497907161713
43,43.0,0.8679999999999999,0.99,0.0001,0.8679999999999999,0.1,0.003,500.0,500.0,10000.0,0.0,-9644.11551976204
44,44.0,0.8649999999999999,0.99,0.0001,0.8649999999999999,0.1,0.003,500.0,500.0,10000.0,3.0,-9918.489709854126
45,45.0,0.8619999999999999,0.99,0.0001,0.8619999999999999,0.1,0.003,500.0,500.0,10000.0,0.0,-10096.319514751434
46,46.0,0.8589999999999999,0.99,0.0001,0.8589999999999999,0.1,0.003,500.0,500.0,10000.0,3.0,-10372.646693468094
47,47.0,0.8559999999999999,0.99,0.0001,0.8559999999999999,0.1,0.003,500.0,500.0,10000.0,1.0,-10580.16644859314
48,48.0,0.8529999999999999,0.99,0.0001,0.8529999999999999,0.1,0.003,500.0,500.0,10000.0,2.0,-10853.78460431099
49,49.0,0.8499999999999999,0.99,0.0001,0.8499999999999999,0.1,0.003,500.0,500.0,10000.0,2.0,-11089.697880506516
50,50.0,0.8469999999999999,0.99,0.0001,0.8469999999999999,0.1,0.003,500.0,500.0,10000.0,2.0,-11353.874589920044
51,51.0,0.8439999999999999,0.99,0.0001,0.8439999999999999,0.1,0.003,500.0,500.0,10000.0,3.0,-11645.810858726501
52,52.0,0.8409999999999999,0.99,0.0001,0.8409999999999999,0.1,0.003,500.0,500.0,10000.0,1.0,-11875.920376300812
53,53.0,0.8379999999999999,0.99,0.0001,0.8379999999999999,0.1,0.003,500.0,500.0,10000.0,3.0,-12185.770114183426
54,54.0,0.8349999999999999,0.99,0.0001,0.8349999999999999,0.1,0.003,500.0,500.0,10000.0,4.0,-12528.261858224869
55,55.0,0.8319999999999999,0.99,0.0001,0.8319999999999999,0.1,0.003,500.0,500.0,10000.0,1.0,-12755.181548118591
56,56.0,0.8289999999999998,0.99,0.0001,0.8289999999999998,0.1,0.003,500.0,500.0,10000.0,0.0,-12902.898200511932
57,57.0,0.8259999999999998,0.99,0.0001,0.8259999999999998,0.1,0.003,500.0,500.0,10000.0,2.0,-13170.713520050049
58,58.0,0.8229999999999998,0.99,0.0001,0.8229999999999998,0.1,0.003,500.0,500.0,10000.0,0.0,-13316.958157777786
59,59.0,0.8199999999999998,0.99,0.0001,0.8199999999999998,0.1,0.003,500.0,500.0,10000.0,4.0,-13662.559210300446
60,60.0,0.8169999999999998,0.99,0.0001,0.8169999999999998,0.1,0.003,500.0,500.0,10000.0,5.0,-14018.814945220947
61,61.0,0.8139999999999998,0.99,0.0001,0.8139999999999998,0.1,0.003,500.0,500.0,10000.0,2.0,-14283.609464406967
62,62.0,0.8109999999999998,0.99,0.0001,0.8109999999999998,0.1,0.003,500.0,500.0,10000.0,1.0,-14476.368889331818
63,63.0,0.8079999999999998,0.99,0.0001,0.8079999999999998,0.1,0.003,500.0,500.0,10000.0,2.0,-14727.450995445251
64,64.0,0.8049999999999998,0.99,0.0001,0.8049999999999998,0.1,0.003,500.0,500.0,10000.0,1.0,-14919.326869487762
65,65.0,0.8019999999999998,0.99,0.0001,0.8019999999999998,0.1,0.003,500.0,500.0,10000.0,0.0,-15092.218623638153
66,66.0,0.7989999999999998,0.99,0.0001,0.7989999999999998,0.1,0.003,500.0,500.0,10000.0,2.0,-15328.203124046326
67,67.0,0.7959999999999998,0.99,0.0001,0.7959999999999998,0.1,0.003,500.0,500.0,10000.0,2.0,-15572.477179288864
68,68.0,0.7929999999999998,0.99,0.0001,0.7929999999999998,0.1,0.003,500.0,500.0,10000.0,2.0,-15802.169524908066
69,69.0,0.7899999999999998,0.99,0.0001,0.7899999999999998,0.1,0.003,500.0,500.0,10000.0,1.0,-15989.82300233841
70,70.0,0.7869999999999998,0.99,0.0001,0.7869999999999998,0.1,0.003,500.0,500.0,10000.0,4.0,-16281.198953151703
71,71.0,0.7839999999999998,0.99,0.0001,0.7839999999999998,0.1,0.003,500.0,500.0,10000.0,2.0,-16512.081872940063
72,72.0,0.7809999999999998,0.99,0.0001,0.7809999999999998,0.1,0.003,500.0,500.0,10000.0,0.0,-16678.47742819786
73,73.0,0.7779999999999998,0.99,0.0001,0.7779999999999998,0.1,0.003,500.0,500.0,10000.0,1.0,-16880.130431175232
74,74.0,0.7749999999999998,0.99,0.0001,0.7749999999999998,0.1,0.003,500.0,500.0,10000.0,1.0,-17069.02143764496
75,75.0,0.7719999999999998,0.99,0.0001,0.7719999999999998,0.1,0.003,500.0,500.0,10000.0,1.0,-17266.563001155853
76,76.0,0.7689999999999998,0.99,0.0001,0.7689999999999998,0.1,0.003,500.0,500.0,10000.0,2.0,-17527.518173217773
77,77.0,0.7659999999999998,0.99,0.0001,0.7659999999999998,0.1,0.003,500.0,500.0,10000.0,2.0,-17774.233023881912
78,78.0,0.7629999999999998,0.99,0.0001,0.7629999999999998,0.1,0.003,500.0,500.0,10000.0,0.0,-17943.874128103256
79,79.0,0.7599999999999998,0.99,0.0001,0.7599999999999998,0.1,0.003,500.0,500.0,10000.0,0.0,-18141.849185943604
80,80.0,0.7569999999999998,0.99,0.0001,0.7569999999999998,0.1,0.003,500.0,500.0,10000.0,2.0,-18386.477832078934
81,81.0,0.7539999999999998,0.99,0.0001,0.7539999999999998,0.1,0.003,500.0,500.0,10000.0,0.0,-18552.186557769775
82,82.0,0.7509999999999998,0.99,0.0001,0.7509999999999998,0.1,0.003,500.0,500.0,10000.0,0.0,-18722.90935254097
83,83.0,0.7479999999999998,0.99,0.0001,0.7479999999999998,0.1,0.003,500.0,500.0,10000.0,1.0,-18921.555856704712
84,84.0,0.7449999999999998,0.99,0.0001,0.7449999999999998,0.1,0.003,500.0,500.0,10000.0,1.0,-19099.26656484604
85,85.0,0.7419999999999998,0.99,0.0001,0.7419999999999998,0.1,0.003,500.0,500.0,10000.0,3.0,-19398.787202835083
86,86.0,0.7389999999999998,0.99,0.0001,0.7389999999999998,0.1,0.003,500.0,500.0,10000.0,0.0,-19545.488575458527
87,87.0,0.7359999999999998,0.99,0.0001,0.7359999999999998,0.1,0.003,500.0,500.0,10000.0,2.0,-19776.91219472885
88,88.0,0.7329999999999998,0.99,0.0001,0.7329999999999998,0.1,0.003,500.0,500.0,10000.0,1.0,-19958.094852924347
89,89.0,0.7299999999999998,0.99,0.0001,0.7299999999999998,0.1,0.003,500.0,500.0,10000.0,1.0,-20151.888315439224
90,90.0,0.7269999999999998,0.99,0.0001,0.7269999999999998,0.1,0.003,500.0,500.0,10000.0,1.0,-20365.25290131569
91,91.0,0.7239999999999998,0.99,0.0001,0.7239999999999998,0.1,0.003,500.0,500.0,10000.0,0.0,-20506.857655763626
92,92.0,0.7209999999999998,0.99,0.0001,0.7209999999999998,0.1,0.003,500.0,500.0,10000.0,5.0,-20906.64367866516
93,93.0,0.7179999999999997,0.99,0.0001,0.7179999999999997,0.1,0.003,500.0,500.0,10000.0,0.0,-21101.920746326447
94,94.0,0.7149999999999997,0.99,0.0001,0.7149999999999997,0.1,0.003,500.0,500.0,10000.0,1.0,-21298.98904490471
95,95.0,0.7119999999999997,0.99,0.0001,0.7119999999999997,0.1,0.003,500.0,500.0,10000.0,2.0,-21561.951209545135
96,96.0,0.7089999999999997,0.99,0.0001,0.7089999999999997,0.1,0.003,500.0,500.0,10000.0,1.0,-21753.040214061737
97,97.0,0.7059999999999997,0.99,0.0001,0.7059999999999997,0.1,0.003,500.0,500.0,10000.0,0.0,-21901.055715322495
98,98.0,0.7029999999999997,0.99,0.0001,0.7029999999999997,0.1,0.003,500.0,500.0,10000.0,0.0,-22051.97752380371
99,99.0,0.6999999999999997,0.99,0.0001,0.6999999999999997,0.1,0.003,500.0,500.0,10000.0,0.0,-22199.631635189056
100,100.0,0.6969999999999997,0.99,0.0001,0.6969999999999997,0.1,0.003,500.0,500.0,10000.0,0.0,-22344.997144460678
101,101.0,0.6939999999999997,0.99,0.0001,0.6939999999999997,0.1,0.003,500.0,500.0,10000.0,1.0,-22529.33581161499
102,102.0,0.6909999999999997,0.99,0.0001,0.6909999999999997,0.1,0.003,500.0,500.0,10000.0,2.0,-22791.45581483841
103,103.0,0.6879999999999997,0.99,0.0001,0.6879999999999997,0.1,0.003,500.0,500.0,10000.0,0.0,-22937.738281965256
104,104.0,0.6849999999999997,0.99,0.0001,0.6849999999999997,0.1,0.003,500.0,500.0,10000.0,0.0,-23082.418485879898
105,105.0,0.6819999999999997,0.99,0.0001,0.6819999999999997,0.1,0.003,500.0,500.0,10000.0,0.0,-23236.762120723724
106,106.0,0.6789999999999997,0.99,0.0001,0.6789999999999997,0.1,0.003,500.0,500.0,10000.0,3.0,-23505.096516370773
107,107.0,0.6759999999999997,0.99,0.0001,0.6759999999999997,0.1,0.003,500.0,500.0,10000.0,4.0,-23846.818363666534
108,108.0,0.6729999999999997,0.99,0.0001,0.6729999999999997,0.1,0.003,500.0,500.0,10000.0,0.0,-23993.162853240967
109,109.0,0.6699999999999997,0.99,0.0001,0.6699999999999997,0.1,0.003,500.0,500.0,10000.0,0.0,-24166.978586673737
110,110.0,0.6669999999999997,0.99,0.0001,0.6669999999999997,0.1,0.003,500.0,500.0,10000.0,0.0,-24315.95985031128
111,111.0,0.6639999999999997,0.99,0.0001,0.6639999999999997,0.1,0.003,500.0,500.0,10000.0,2.0,-24556.593908548355
112,112.0,0.6609999999999997,0.99,0.0001,0.6609999999999997,0.1,0.003,500.0,500.0,10000.0,0.0,-24705.26512312889
113,113.0,0.6579999999999997,0.99,0.0001,0.6579999999999997,0.1,0.003,500.0,500.0,10000.0,2.0,-24939.54461455345
114,114.0,0.6549999999999997,0.99,0.0001,0.6549999999999997,0.1,0.003,500.0,500.0,10000.0,2.0,-25178.967972278595
115,115.0,0.6519999999999997,0.99,0.0001,0.6519999999999997,0.1,0.003,500.0,500.0,10000.0,0.0,-25337.653913736343
116,116.0,0.6489999999999997,0.99,0.0001,0.6489999999999997,0.1,0.003,500.0,500.0,10000.0,2.0,-25574.104758024216
117,117.0,0.6459999999999997,0.99,0.0001,0.6459999999999997,0.1,0.003,500.0,500.0,10000.0,2.0,-25840.169166088104
118,118.0,0.6429999999999997,0.99,0.0001,0.6429999999999997,0.1,0.003,500.0,500.0,10000.0,7.0,-26145.86563014984
119,119.0,0.6399999999999997,0.99,0.0001,0.6399999999999997,0.1,0.003,500.0,500.0,10000.0,1.0,-26331.93669295311
120,120.0,0.6369999999999997,0.99,0.0001,0.6369999999999997,0.1,0.003,500.0,500.0,10000.0,3.0,-26614.73268008232
121,121.0,0.6339999999999997,0.99,0.0001,0.6339999999999997,0.1,0.003,500.0,500.0,10000.0,0.0,-26767.917614221573
122,122.0,0.6309999999999997,0.99,0.0001,0.6309999999999997,0.1,0.003,500.0,500.0,10000.0,1.0,-26974.37547802925
123,123.0,0.6279999999999997,0.99,0.0001,0.6279999999999997,0.1,0.003,500.0,500.0,10000.0,1.0,-27157.06751847267
124,124.0,0.6249999999999997,0.99,0.0001,0.6249999999999997,0.1,0.003,500.0,500.0,10000.0,2.0,-27416.101959466934
125,125.0,0.6219999999999997,0.99,0.0001,0.6219999999999997,0.1,0.003,500.0,500.0,10000.0,2.0,-27681.107749938965
126,126.0,0.6189999999999997,0.99,0.0001,0.6189999999999997,0.1,0.003,500.0,500.0,10000.0,0.0,-27847.9192070961
127,127.0,0.6159999999999997,0.99,0.0001,0.6159999999999997,0.1,0.003,500.0,500.0,10000.0,2.0,-28096.51084280014
128,128.0,0.6129999999999997,0.99,0.0001,0.6129999999999997,0.1,0.003,500.0,500.0,10000.0,0.0,-28239.35962843895
129,129.0,0.6099999999999997,0.99,0.0001,0.6099999999999997,0.1,0.003,500.0,500.0,10000.0,0.0,-28402.24699282646
130,130.0,0.6069999999999997,0.99,0.0001,0.6069999999999997,0.1,0.003,500.0,500.0,10000.0,1.0,-28623.983815908432
131,131.0,0.6039999999999996,0.99,0.0001,0.6039999999999996,0.1,0.003,500.0,500.0,10000.0,1.0,-28822.08284664154
132,132.0,0.6009999999999996,0.99,0.0001,0.6009999999999996,0.1,0.003,500.0,500.0,10000.0,2.0,-29066.620537519455
133,133.0,0.5979999999999996,0.99,0.0001,0.5979999999999996,0.1,0.003,500.0,500.0,10000.0,0.0,-29222.023321151733
134,134.0,0.5949999999999996,0.99,0.0001,0.5949999999999996,0.1,0.003,500.0,500.0,10000.0,0.0,-29385.822063684464
135,135.0,0.5919999999999996,0.99,0.0001,0.5919999999999996,0.1,0.003,500.0,500.0,10000.0,1.0,-29582.551253557205
136,136.0,0.5889999999999996,0.99,0.0001,0.5889999999999996,0.1,0.003,500.0,500.0,10000.0,1.0,-29776.414002656937
137,137.0,0.5859999999999996,0.99,0.0001,0.5859999999999996,0.1,0.003,500.0,500.0,10000.0,1.0,-29960.668449878693
138,138.0,0.5829999999999996,0.99,0.0001,0.5829999999999996,0.1,0.003,500.0,500.0,10000.0,2.0,-30179.384024381638
139,139.0,0.5799999999999996,0.99,0.0001,0.5799999999999996,0.1,0.003,500.0,500.0,10000.0,3.0,-30469.722021102905
140,140.0,0.5769999999999996,0.99,0.0001,0.5769999999999996,0.1,0.003,500.0,500.0,10000.0,2.0,-30700.335307836533
141,141.0,0.5739999999999996,0.99,0.0001,0.5739999999999996,0.1,0.003,500.0,500.0,10000.0,0.0,-30851.77028656006
142,142.0,0.5709999999999996,0.99,0.0001,0.5709999999999996,0.1,0.003,500.0,500.0,10000.0,6.0,-31267.800211429596
143,143.0,0.5679999999999996,0.99,0.0001,0.5679999999999996,0.1,0.003,500.0,500.0,10000.0,1.0,-31463.39711380005
144,144.0,0.5649999999999996,0.99,0.0001,0.5649999999999996,0.1,0.003,500.0,500.0,10000.0,4.0,-31801.317325115204
145,145.0,0.5619999999999996,0.99,0.0001,0.5619999999999996,0.1,0.003,500.0,500.0,10000.0,0.0,-31962.24034500122
146,146.0,0.5589999999999996,0.99,0.0001,0.5589999999999996,0.1,0.003,500.0,500.0,10000.0,0.0,-32130.81794643402
147,147.0,0.5559999999999996,0.99,0.0001,0.5559999999999996,0.1,0.003,500.0,500.0,10000.0,0.0,-32292.778027772903
148,148.0,0.5529999999999996,0.99,0.0001,0.5529999999999996,0.1,0.003,500.0,500.0,10000.0,1.0,-32494.67316699028
149,149.0,0.5499999999999996,0.99,0.0001,0.5499999999999996,0.1,0.003,500.0,500.0,10000.0,3.0,-32782.365474939346
150,150.0,0.5469999999999996,0.99,0.0001,0.5469999999999996,0.1,0.003,500.0,500.0,10000.0,0.0,-32950.02972483635
151,151.0,0.5439999999999996,0.99,0.0001,0.5439999999999996,0.1,0.003,500.0,500.0,10000.0,1.0,-33155.43073821068
152,152.0,0.5409999999999996,0.99,0.0001,0.5409999999999996,0.1,0.003,500.0,500.0,10000.0,2.0,-33420.719602108
153,153.0,0.5379999999999996,0.99,0.0001,0.5379999999999996,0.1,0.003,500.0,500.0,10000.0,2.0,-33651.268136262894
154,154.0,0.5349999999999996,0.99,0.0001,0.5349999999999996,0.1,0.003,500.0,500.0,10000.0,3.0,-33945.56383419037
155,155.0,0.5319999999999996,0.99,0.0001,0.5319999999999996,0.1,0.003,500.0,500.0,10000.0,1.0,-34147.10800862312
156,156.0,0.5289999999999996,0.99,0.0001,0.5289999999999996,0.1,0.003,500.0,500.0,10000.0,1.0,-34353.429570674896
157,157.0,0.5259999999999996,0.99,0.0001,0.5259999999999996,0.1,0.003,500.0,500.0,10000.0,2.0,-34605.18146777153
158,158.0,0.5229999999999996,0.99,0.0001,0.5229999999999996,0.1,0.003,500.0,500.0,10000.0,2.0,-34848.92858457565
159,159.0,0.5199999999999996,0.99,0.0001,0.5199999999999996,0.1,0.003,500.0,500.0,10000.0,0.0,-34999.20347881317
160,160.0,0.5169999999999996,0.99,0.0001,0.5169999999999996,0.1,0.003,500.0,500.0,10000.0,2.0,-35248.927075624466
161,161.0,0.5139999999999996,0.99,0.0001,0.5139999999999996,0.1,0.003,500.0,500.0,10000.0,1.0,-35471.58235192299
162,162.0,0.5109999999999996,0.99,0.0001,0.5109999999999996,0.1,0.003,500.0,500.0,10000.0,0.0,-35616.20396900177
163,163.0,0.5079999999999996,0.99,0.0001,0.5079999999999996,0.1,0.003,500.0,500.0,10000.0,0.0,-35789.78657770157
164,164.0,0.5049999999999996,0.99,0.0001,0.5049999999999996,0.1,0.003,500.0,500.0,10000.0,1.0,-35992.91604948044
165,165.0,0.5019999999999996,0.99,0.0001,0.5019999999999996,0.1,0.003,500.0,500.0,10000.0,3.0,-36309.05984902382
166,166.0,0.49899999999999956,0.99,0.0001,0.49899999999999956,0.1,0.003,500.0,500.0,10000.0,4.0,-36714.541941165924
167,167.0,0.49599999999999955,0.99,0.0001,0.49599999999999955,0.1,0.003,500.0,500.0,10000.0,0.0,-36871.65813970566
168,168.0,0.49299999999999955,0.99,0.0001,0.49299999999999955,0.1,0.003,500.0,500.0,10000.0,0.0,-37021.857652425766
169,169.0,0.48999999999999955,0.99,0.0001,0.48999999999999955,0.1,0.003,500.0,500.0,10000.0,3.0,-37295.87387013435
170,170.0,0.48699999999999954,0.99,0.0001,0.48699999999999954,0.1,0.003,500.0,500.0,10000.0,1.0,-37508.34317088127
171,171.0,0.48399999999999954,0.99,0.0001,0.48399999999999954,0.1,0.003,500.0,500.0,10000.0,0.0,-37655.610394239426
172,172.0,0.48099999999999954,0.99,0.0001,0.48099999999999954,0.1,0.003,500.0,500.0,10000.0,1.0,-37848.25882744789
173,173.0,0.47799999999999954,0.99,0.0001,0.47799999999999954,0.1,0.003,500.0,500.0,10000.0,1.0,-38065.459797382355
174,174.0,0.47499999999999953,0.99,0.0001,0.47499999999999953,0.1,0.003,500.0,500.0,10000.0,0.0,-38233.25464630127
175,175.0,0.47199999999999953,0.99,0.0001,0.47199999999999953,0.1,0.003,500.0,500.0,10000.0,1.0,-38415.22379851341
176,176.0,0.46899999999999953,0.99,0.0001,0.46899999999999953,0.1,0.003,500.0,500.0,10000.0,4.0,-38731.414078235626
177,177.0,0.4659999999999995,0.99,0.0001,0.4659999999999995,0.1,0.003,500.0,500.0,10000.0,3.0,-39014.51393675804
178,178.0,0.4629999999999995,0.99,0.0001,0.4629999999999995,0.1,0.003,500.0,500.0,10000.0,1.0,-39216.49310588837
179,179.0,0.4599999999999995,0.99,0.0001,0.4599999999999995,0.1,0.003,500.0,500.0,10000.0,0.0,-39371.43186593056
180,180.0,0.4569999999999995,0.99,0.0001,0.4569999999999995,0.1,0.003,500.0,500.0,10000.0,1.0,-39563.803664684296
181,181.0,0.4539999999999995,0.99,0.0001,0.4539999999999995,0.1,0.003,500.0,500.0,10000.0,1.0,-39790.72740602493
182,182.0,0.4509999999999995,0.99,0.0001,0.4509999999999995,0.1,0.003,500.0,500.0,10000.0,3.0,-40082.45475792885
183,183.0,0.4479999999999995,0.99,0.0001,0.4479999999999995,0.1,0.003,500.0,500.0,10000.0,1.0,-40293.13237571716
184,184.0,0.4449999999999995,0.99,0.0001,0.4449999999999995,0.1,0.003,500.0,500.0,10000.0,4.0,-40644.74336838722
185,185.0,0.4419999999999995,0.99,0.0001,0.4419999999999995,0.1,0.003,500.0,500.0,10000.0,1.0,-40845.19633579254
186,186.0,0.4389999999999995,0.99,0.0001,0.4389999999999995,0.1,0.003,500.0,500.0,10000.0,2.0,-41075.9476044178
187,187.0,0.4359999999999995,0.99,0.0001,0.4359999999999995,0.1,0.003,500.0,500.0,10000.0,2.0,-41327.563806295395
188,188.0,0.4329999999999995,0.99,0.0001,0.4329999999999995,0.1,0.003,500.0,500.0,10000.0,2.0,-41560.50765609741
189,189.0,0.4299999999999995,0.99,0.0001,0.4299999999999995,0.1,0.003,500.0,500.0,10000.0,1.0,-41778.643329143524
190,190.0,0.4269999999999995,0.99,0.0001,0.4269999999999995,0.1,0.003,500.0,500.0,10000.0,0.0,-41949.46762466431
191,191.0,0.4239999999999995,0.99,0.0001,0.4239999999999995,0.1,0.003,500.0,500.0,10000.0,1.0,-42149.51499772072
192,192.0,0.4209999999999995,0.99,0.0001,0.4209999999999995,0.1,0.003,500.0,500.0,10000.0,0.0,-42299.86821985245
193,193.0,0.4179999999999995,0.99,0.0001,0.4179999999999995,0.1,0.003,500.0,500.0,10000.0,2.0,-42538.34454536438
194,194.0,0.4149999999999995,0.99,0.0001,0.4149999999999995,0.1,0.003,500.0,500.0,10000.0,2.0,-42772.21686911583
195,195.0,0.4119999999999995,0.99,0.0001,0.4119999999999995,0.1,0.003,500.0,500.0,10000.0,0.0,-42931.95692753792
196,196.0,0.4089999999999995,0.99,0.0001,0.4089999999999995,0.1,0.003,500.0,500.0,10000.0,2.0,-43208.42632603645
197,197.0,0.4059999999999995,0.99,0.0001,0.4059999999999995,0.1,0.003,500.0,500.0,10000.0,2.0,-43466.98596763611
198,198.0,0.40299999999999947,0.99,0.0001,0.40299999999999947,0.1,0.003,500.0,500.0,10000.0,1.0,-43686.35233736038
199,199.0,0.39999999999999947,0.99,0.0001,0.39999999999999947,0.1,0.003,500.0,500.0,10000.0,0.0,-43853.14340662956
200,200.0,0.39699999999999946,0.99,0.0001,0.39699999999999946,0.1,0.003,500.0,500.0,10000.0,0.0,-44015.3072783947
201,201.0,0.39399999999999946,0.99,0.0001,0.39399999999999946,0.1,0.003,500.0,500.0,10000.0,0.0,-44167.928109169006
202,202.0,0.39099999999999946,0.99,0.0001,0.39099999999999946,0.1,0.003,500.0,500.0,10000.0,2.0,-44424.24559354782
203,203.0,0.38799999999999946,0.99,0.0001,0.38799999999999946,0.1,0.003,500.0,500.0,10000.0,0.0,-44593.27797269821
204,204.0,0.38499999999999945,0.99,0.0001,0.38499999999999945,0.1,0.003,500.0,500.0,10000.0,2.0,-44837.01187300682
205,205.0,0.38199999999999945,0.99,0.0001,0.38199999999999945,0.1,0.003,500.0,500.0,10000.0,3.0,-45151.07994675636
206,206.0,0.37899999999999945,0.99,0.0001,0.37899999999999945,0.1,0.003,500.0,500.0,10000.0,0.0,-45303.29187607765
207,207.0,0.37599999999999945,0.99,0.0001,0.37599999999999945,0.1,0.003,500.0,500.0,10000.0,1.0,-45495.08303284645
208,208.0,0.37299999999999944,0.99,0.0001,0.37299999999999944,0.1,0.003,500.0,500.0,10000.0,0.0,-45650.91303253174
209,209.0,0.36999999999999944,0.99,0.0001,0.36999999999999944,0.1,0.003,500.0,500.0,10000.0,1.0,-45868.05891561508
210,210.0,0.36699999999999944,0.99,0.0001,0.36699999999999944,0.1,0.003,500.0,500.0,10000.0,0.0,-46011.09755754471
211,211.0,0.36399999999999944,0.99,0.0001,0.36399999999999944,0.1,0.003,500.0,500.0,10000.0,1.0,-46210.73080968857
212,212.0,0.36099999999999943,0.99,0.0001,0.36099999999999943,0.1,0.003,500.0,500.0,10000.0,0.0,-46362.58406043053
213,213.0,0.35799999999999943,0.99,0.0001,0.35799999999999943,0.1,0.003,500.0,500.0,10000.0,0.0,-46522.965080976486
214,214.0,0.3549999999999994,0.99,0.0001,0.3549999999999994,0.1,0.003,500.0,500.0,10000.0,2.0,-46763.586956977844
215,215.0,0.3519999999999994,0.99,0.0001,0.3519999999999994,0.1,0.003,500.0,500.0,10000.0,4.0,-47112.80944275856
216,216.0,0.3489999999999994,0.99,0.0001,0.3489999999999994,0.1,0.003,500.0,500.0,10000.0,2.0,-47336.84681415558
217,217.0,0.3459999999999994,0.99,0.0001,0.3459999999999994,0.1,0.003,500.0,500.0,10000.0,3.0,-47603.81221628189
218,218.0,0.3429999999999994,0.99,0.0001,0.3429999999999994,0.1,0.003,500.0,500.0,10000.0,2.0,-47836.957206726074
219,219.0,0.3399999999999994,0.99,0.0001,0.3399999999999994,0.1,0.003,500.0,500.0,10000.0,3.0,-48129.82022023201
220,220.0,0.3369999999999994,0.99,0.0001,0.3369999999999994,0.1,0.003,500.0,500.0,10000.0,0.0,-48290.73972535133
221,221.0,0.3339999999999994,0.99,0.0001,0.3339999999999994,0.1,0.003,500.0,500.0,10000.0,3.0,-48593.13348841667
222,222.0,0.3309999999999994,0.99,0.0001,0.3309999999999994,0.1,0.003,500.0,500.0,10000.0,2.0,-48818.474117040634
223,223.0,0.3279999999999994,0.99,0.0001,0.3279999999999994,0.1,0.003,500.0,500.0,10000.0,4.0,-49120.027247428894
224,224.0,0.3249999999999994,0.99,0.0001,0.3249999999999994,0.1,0.003,500.0,500.0,10000.0,0.0,-49284.43708753586
225,225.0,0.3219999999999994,0.99,0.0001,0.3219999999999994,0.1,0.003,500.0,500.0,10000.0,0.0,-49441.744988918304
226,226.0,0.3189999999999994,0.99,0.0001,0.3189999999999994,0.1,0.003,500.0,500.0,10000.0,6.0,-49879.187960624695
227,227.0,0.3159999999999994,0.99,0.0001,0.3159999999999994,0.1,0.003,500.0,500.0,10000.0,2.0,-50118.908011198044
228,228.0,0.3129999999999994,0.99,0.0001,0.3129999999999994,0.1,0.003,500.0,500.0,10000.0,2.0,-50374.8588912487
229,229.0,0.3099999999999994,0.99,0.0001,0.3099999999999994,0.1,0.003,500.0,500.0,10000.0,0.0,-50532.08511471748
230,230.0,0.3069999999999994,0.99,0.0001,0.3069999999999994,0.1,0.003,500.0,500.0,10000.0,2.0,-50804.83664059639
231,231.0,0.3039999999999994,0.99,0.0001,0.3039999999999994,0.1,0.003,500.0,500.0,10000.0,3.0,-51090.80951809883
232,232.0,0.3009999999999994,0.99,0.0001,0.3009999999999994,0.1,0.003,500.0,500.0,10000.0,2.0,-51327.316608428955
233,233.0,0.2979999999999994,0.99,0.0001,0.2979999999999994,0.1,0.003,500.0,500.0,10000.0,1.0,-51542.652901887894
234,234.0,0.2949999999999994,0.99,0.0001,0.2949999999999994,0.1,0.003,500.0,500.0,10000.0,1.0,-51748.47452998161
235,235.0,0.29199999999999937,0.99,0.0001,0.29199999999999937,0.1,0.003,500.0,500.0,10000.0,1.0,-51953.28901863098
236,236.0,0.28899999999999937,0.99,0.0001,0.28899999999999937,0.1,0.003,500.0,500.0,10000.0,1.0,-52161.828100442886
237,237.0,0.28599999999999937,0.99,0.0001,0.28599999999999937,0.1,0.003,500.0,500.0,10000.0,0.0,-52316.945523262024
238,238.0,0.28299999999999936,0.99,0.0001,0.28299999999999936,0.1,0.003,500.0,500.0,10000.0,0.0,-52461.121603012085
239,239.0,0.27999999999999936,0.99,0.0001,0.27999999999999936,0.1,0.003,500.0,500.0,10000.0,3.0,-52760.18858885765
240,240.0,0.27699999999999936,0.99,0.0001,0.27699999999999936,0.1,0.003,500.0,500.0,10000.0,1.0,-52973.8518614769
241,241.0,0.27399999999999936,0.99,0.0001,0.27399999999999936,0.1,0.003,500.0,500.0,10000.0,2.0,-53213.391986846924
242,242.0,0.27099999999999935,0.99,0.0001,0.27099999999999935,0.1,0.003,500.0,500.0,10000.0,1.0,-53445.17567181587
243,243.0,0.26799999999999935,0.99,0.0001,0.26799999999999935,0.1,0.003,500.0,500.0,10000.0,0.0,-53604.61247777939
244,244.0,0.26499999999999935,0.99,0.0001,0.26499999999999935,0.1,0.003,500.0,500.0,10000.0,1.0,-53812.5840883255
245,245.0,0.26199999999999934,0.99,0.0001,0.26199999999999934,0.1,0.003,500.0,500.0,10000.0,4.0,-54123.13174414635
246,246.0,0.25899999999999934,0.99,0.0001,0.25899999999999934,0.1,0.003,500.0,500.0,10000.0,0.0,-54279.841118097305
247,247.0,0.25599999999999934,0.99,0.0001,0.25599999999999934,0.1,0.003,500.0,500.0,10000.0,0.0,-54445.54079055786
248,248.0,0.25299999999999934,0.99,0.0001,0.25299999999999934,0.1,0.003,500.0,500.0,10000.0,0.0,-54597.02942490578
249,249.0,0.24999999999999933,0.99,0.0001,0.24999999999999933,0.1,0.003,500.0,500.0,10000.0,0.0,-54765.277532339096
